Individual,wheel_radius,chassis_length,suspension_frequency,suspension_damping,sensor_limit,speed_max,speed_slope,speed_intercept,wheel_radius-genome,chassis_length-genome,suspension_frequency-genome,suspension_damping-genome,sensor_limit-genome,speed_max-genome,speed_slope-genome,speed_intercept-genome,feasibility,objective,final_distance,final_speed,hit_wall,index_at_rest
0,0.720076458052171,3.959995554337933,5.168789072463289,0.3287810638445563,10.977750219691377,8.143717894131802,3.452246536030248,-17.256753428073758,0.22007645805217102,0.9866651847793111,0.5955412960661841,0.047968439740927196,0.7126964442636697,0.8143717894131802,0.3452246536030248,0.06858116429815601,0,3.854922659006805,0.0008087158203125,-8.060953712885066e-05,False,720
1,0.7199450328482141,3.845032856385352,6.046995074246112,0.4388930796575401,8.158728359083291,7.047317430008675,3.452246536030248,-17.246812857623073,0.21994503284821407,0.9483442854617841,0.7209992963208731,0.23148846609590013,0.5113377399345208,0.7047317430008675,0.3452246536030248,0.06882967855942318,0,3.8445621098425127,0.0041904449462890625,-8.613434835069711e-05,False,800
2,0.7301582358228937,3.7427574973774784,3.345101291866597,0.3396150204561635,10.832746168739671,6.8009561362692725,3.452246536030248,-17.256753428073758,0.23015823582289371,0.9142524991258262,0.33501447026665676,0.0660250340936058,0.7023390120528337,0.6800956136269273,0.3452246536030248,0.06858116429815601,0,3.842351623047718,0.001300811767578125,-5.7563305141172805e-05,False,800
3,0.7199450328482141,3.845032856385352,5.094582260206267,0.5559066015749679,8.35936194229297,7.832406274124343,3.6387108747773027,-17.246812857623073,0.21994503284821407,0.9483442854617841,0.5849403228866096,0.4265110026249463,0.5256687101637836,0.7832406274124344,0.3638710874777303,0.06882967855942318,0,3.8194454719099027,0.2601490020751953,9.981189890240216e-05,False,760
4,0.6660009953238011,4.0,5.168789072463289,0.3,10.977750219691377,7.139113755181489,3.452246536030248,-17.256753428073758,0.16600099532380105,1.0,0.5955412960661841,0.0,0.7126964442636697,0.7139113755181489,0.3452246536030248,0.06858116429815601,0,1.887242121414343,-9.412443161010742,7.139113755181489,False,2001
5,0.720076458052171,3.959995554337933,5.168789072463289,0.3357511814753815,10.977750219691377,7.149465564423386,3.452246536030248,-17.256753428073758,0.22007645805217102,0.9866651847793111,0.5955412960661841,0.05958530245896917,0.7126964442636697,0.7149465564423386,0.3452246536030248,0.06858116429815601,0,3.846203540649116,0.0005931854248046875,-6.908642113501173e-05,False,790
6,0.720076458052171,3.817612697556088,4.287654465325415,0.38598796959056514,11.741094101660986,7.752069022917785,3.210973054861381,-17.256753428073758,0.22007645805217102,0.939204232518696,0.4696649236179165,0.1433132826509419,0.767221007261499,0.7752069022917785,0.3210973054861381,0.06858116429815601,0,3.8010357042543688,-0.3738746643066406,-9.90162077201262e-05,False,800
7,0.720076458052171,3.817612697556088,4.287654465325415,0.38598796959056514,11.741094101660986,6.670408454908121,3.452246536030248,-17.256753428073758,0.22007645805217102,0.939204232518696,0.4696649236179165,0.1433132826509419,0.767221007261499,0.6670408454908121,0.3452246536030248,0.06858116429815601,0,3.8436226921780547,0.001300811767578125,-5.7563305141172805e-05,False,810
8,0.7199450328482141,4.0,5.442267639848842,0.5140836411670042,10.81742330126592,7.795537306217853,3.452246536030248,-17.246812857623073,0.21994503284821407,1.0,0.6346096628355488,0.3568060686116736,0.7012445215189943,0.7795537306217853,0.3452246536030248,0.06882967855942318,0,3.8520581373226186,0.004192352294921875,-8.613434835069711e-05,False,740
9,0.7199450328482141,4.0,5.574478700174392,0.7034314761005885,9.16404259379607,8.514858859939942,4.174881191914315,-17.246812857623073,0.21994503284821407,1.0,0.6534969571677703,0.6723857935009808,0.5831458995568621,0.8514858859939942,0.4174881191914315,0.06882967855942318,0,3.2528484064066947,0.8687286376953125,6.943751871091308e-05,True,720
10,0.7199450328482141,4.0,5.574478700174392,0.4639038467196686,10.35192685871069,8.027383834223233,3.452246536030248,-17.246812857623073,0.21994503284821407,1.0,0.6534969571677703,0.27317307786611433,0.6679947756221922,0.8027383834223234,0.3452246536030248,0.06882967855942318,0,3.8521177065590995,0.003688812255859375,-8.284202949582209e-05,False,740
11,0.7199450328482141,3.7311647474237426,5.574478700174392,0.4775827220751402,10.81742330126592,7.787724518680921,3.0810452931132106,-14.464640802387212,0.21994503284821407,0.9103882491412475,0.6534969571677703,0.295971203458567,0.7012445215189943,0.7787724518680921,0.30810452931132104,0.1383839799403197,0,3.8067249444499285,0.3045482635498047,-0.00010814249376700502,False,820
12,0.720076458052171,3.3112994260498727,5.924306253668124,0.4539316331739978,11.7321186815329,7.971257386081938,3.452246536030248,-17.256753428073758,0.22007645805217102,0.7704331420166242,0.7034723219525892,0.256552721956663,0.7665799058237786,0.7971257386081938,0.3452246536030248,0.06858116429815601,0,3.8462422706838133,0.000255584716796875,-7.89633776996368e-05,False,790
13,0.6708253208847228,4.0,5.574478700174392,0.7034314761005885,9.859846642567899,8.029280390075076,3.452246536030248,-17.246812857623073,0.17082532088472283,1.0,0.6534969571677703,0.6723857935009808,0.6328461887548499,0.8029280390075075,0.3452246536030248,0.06882967855942318,0,1.7909902475064332,-9.463690757751465,8.029280390075076,False,2001
14,0.7095577481124026,3.533744746540567,6.3507136835737015,0.5651019220526858,8.4618961196328,8.029280390075076,3.452246536030248,-17.246812857623073,0.2095577481124026,0.8445815821801891,0.7643876690819573,0.44183653675447626,0.5329925799737715,0.8029280390075075,0.3452246536030248,0.06882967855942318,0,3.8421652739105543,0.004146575927734375,-9.930362377019719e-05,False,840
15,0.7954392762948569,4.0,5.574478700174392,0.4639038467196686,10.478168032290421,8.305404983536736,3.452246536030248,-20.0,0.2954392762948569,1.0,0.6534969571677703,0.27317307786611433,0.6770120023064586,0.8305404983536736,0.3452246536030248,0.0,0,3.224020505468226,-0.7940349578857422,8.145885824006882e-05,True,870
16,0.7575716614808329,3.7311647474237426,5.574478700174392,0.4775827220751402,10.81742330126592,7.56031305860435,3.0810452931132106,-17.246812857623073,0.2575716614808329,0.9103882491412475,0.6534969571677703,0.295971203458567,0.7012445215189943,0.756031305860435,0.30810452931132104,0.06882967855942318,0,3.7678281960001834,-0.5976963043212891,-0.00010401993696973477,False,780
17,0.8062880413708353,4.0,5.574478700174392,0.4639038467196686,9.042211563253797,7.221499329404578,3.452246536030248,-17.246812857623073,0.3062880413708353,1.0,0.6534969571677703,0.27317307786611433,0.574443683089557,0.7221499329404578,0.3452246536030248,0.06882967855942318,0,3.3191882171280946,0.004535675048828125,8.012775384358406e-05,True,830
18,0.7922929676425726,3.959995554337933,5.168789072463289,0.40053821006599144,9.754085974883075,8.217502591514403,3.452246536030248,-17.256753428073758,0.2922929676425726,0.9866651847793111,0.5955412960661841,0.16756368344331907,0.6252918553487912,0.8217502591514404,0.3452246536030248,0.06858116429815601,0,3.3256578622146793,0.0005207061767578125,8.236024621055549e-05,True,810
19,0.6956174044732566,3.700200911522927,7.1048644416256534,0.4268263918405153,14.46851273717663,8.120838430546245,3.623887063348617,-17.256753428073758,0.19561740447325657,0.9000669705076423,0.8721234916608076,0.2113773197341922,0.962036624084045,0.8120838430546246,0.3623887063348617,0.06858116429815601,0,1.8014060489552208,-9.244648933410645,8.120838430546245,False,2001
20,0.7293046829254383,3.714663241023562,3.5065365572324745,0.5523476483477203,8.793763543671268,7.56199043504753,3.452246536030248,-17.246812857623073,0.2293046829254383,0.904887747007854,0.3580766510332106,0.4205794139128672,0.5566973959765191,0.756199043504753,0.3452246536030248,0.06882967855942318,0,3.848471737176209,0.0041790008544921875,-7.296507292764431e-05,False,750
21,0.720076458052171,4.0,5.517530929247605,0.3,10.977750219691377,7.139113755181489,3.452246536030248,-16.52722431722384,0.22007645805217102,1.0,0.6453615613210865,0.0,0.7126964442636697,0.7139113755181489,0.3452246536030248,0.08681939206940399,0,3.8200065421132883,0.2126331329345703,-8.655687978276205e-05,False,800
22,0.8334818287288677,3.8355991070990925,6.776735562719989,0.3170330176336029,13.370363279047059,8.143717894131802,1.7935945848064214,-17.256753428073758,0.3334818287288677,0.9451997023663641,0.825247937531427,0.028388362722671527,0.8835973770747899,0.8143717894131802,0.17935945848064214,0.06858116429815601,0,3.306721940776698,-4.621332168579102,-4.5730069683003194e-05,False,530
23,0.829938862118775,3.959995554337933,5.168789072463289,0.3287810638445563,10.977750219691377,8.143717894131802,3.452246536030248,-17.256753428073758,0.329938862118775,0.9866651847793111,0.5955412960661841,0.047968439740927196,0.7126964442636697,0.8143717894131802,0.3452246536030248,0.06858116429815601,0,3.313660020395476,0.0012836456298828125,6.0960173648538785e-05,True,830
24,0.6466891046471077,3.9846964064206682,5.585784039718392,0.591908357453516,8.966029655151857,7.773978791115601,3.0372922992596663,-17.246812857623073,0.14668910464710777,0.9948988021402227,0.655112005674056,0.4865139290891933,0.5690021182251326,0.7773978791115601,0.3037292299259666,0.06882967855942318,0,1.7960878674389216,-9.6886568069458,7.773978791115601,False,2001
25,0.720076458052171,4.0,4.797084834702357,0.3287810638445563,10.977750219691377,8.386441517503378,3.452246536030248,-17.256753428073758,0.22007645805217102,1.0,0.5424406906717653,0.047968439740927196,0.7126964442636697,0.8386441517503378,0.3452246536030248,0.06858116429815601,0,3.8460555350205903,0.00185394287109375,6.589865193262767e-05,False,790
26,0.720076458052171,3.817612697556088,4.287654465325415,0.38598796959056514,10.639468093608286,7.357684929771132,3.452246536030248,-11.678489820383094,0.22007645805217102,0.939204232518696,0.4696649236179165,0.1433132826509419,0.6885334352577348,0.7357684929771132,0.3452246536030248,0.20803775449042267,0,3.1610159962795708,1.617166519165039,-6.85617394786675e-05,True,750
27,0.720076458052171,3.959995554337933,5.770517149736135,0.36317263229047514,9.754085974883075,8.143717894131802,1.795296685609033,-17.256753428073758,0.22007645805217102,0.9866651847793111,0.681502449962305,0.10528772048412519,0.6252918553487912,0.8143717894131802,0.1795296685609033,0.06858116429815601,0,2.0580446349621324,-13.697442054748535,0.2547247937793813,False,2001
28,0.7199450328482141,4.0,5.574478700174392,0.4639038467196686,10.478168032290421,8.029280390075076,3.452246536030248,-17.370420974292596,0.21994503284821407,1.0,0.6534969571677703,0.27317307786611433,0.6770120023064586,0.8029280390075075,0.3452246536030248,0.0657394756426851,0,3.851270306674189,-0.03213310241699219,8.04763476764947e-05,False,720
29,0.7250504352759218,3.845032856385352,6.046995074246112,0.564186378565457,8.158728359083291,8.8861469696432,3.452246536030248,-15.72944269523152,0.2250504352759218,0.9483442854617841,0.7209992963208731,0.44031063094242817,0.5113377399345208,0.8886146969643199,0.3452246536030248,0.10676393261921202,0,3.29911373705864,0.443359375,9.954538347578534e-05,True,740
30,0.893196504880837,4.0,5.574478700174392,0.4639038467196686,10.478168032290421,8.029280390075076,3.452246536030248,-17.246812857623073,0.39319650488083707,1.0,0.6534969571677703,0.27317307786611433,0.6770120023064586,0.8029280390075075,0.3452246536030248,0.06882967855942318,0,3.293851247050868,0.00336456298828125,7.518927555949517e-05,True,860
31,0.720076458052171,3.578704624124378,5.831316911034522,0.40923389152415546,10.977750219691377,6.972064190363981,3.452246536030248,-17.256753428073758,0.22007645805217102,0.8595682080414594,0.6901881301477888,0.18205648587359238,0.7126964442636697,0.6972064190363981,0.3452246536030248,0.06858116429815601,0,3.843720870987588,0.0004425048828125,-8.554801541293955e-05,False,810
32,0.5,3.959995554337933,5.168789072463289,0.3287810638445563,10.977750219691377,8.143717894131802,3.4791869080100604,-17.256753428073758,0.0,0.9866651847793111,0.5955412960661841,0.047968439740927196,0.7126964442636697,0.8143717894131802,0.347918690801006,0.06858116429815601,0,1.3486078414497853,-13.489673137664795,8.143717894131802,False,2001
33,0.720076458052171,3.660376097726281,6.243234557194882,0.3661072901765534,10.57224453974258,6.2219522057339205,3.452246536030248,-17.256753428073758,0.22007645805217102,0.886792032575427,0.7490335081706975,0.11017881696092238,0.6837317528387558,0.622195220573392,0.3452246536030248,0.06858116429815601,0,3.8449166759222706,0.000896453857421875,-8.71941748386007e-05,False,800
34,0.719167636829617,3.821130688373506,6.243234557194882,0.3821752238931414,10.977750219691377,8.120838430546245,3.452246536030248,-17.256753428073758,0.219167636829617,0.9403768961245019,0.7490335081706975,0.136958706488569,0.7126964442636697,0.8120838430546246,0.3452246536030248,0.06858116429815601,0,3.8501787063702264,0.00057220458984375,-9.542497197756461e-05,False,760
35,0.7199450328482141,4.0,5.755891636811159,0.4639038467196686,9.725648774263162,7.669696996145122,3.452246536030248,-17.246812857623073,0.21994503284821407,1.0,0.6794130909730227,0.27317307786611433,0.623260626733083,0.7669696996145122,0.3452246536030248,0.06882967855942318,0,3.8458103779031716,0.0041942596435546875,-9.271898606044715e-05,False,790
36,0.720076458052171,3.817612697556088,4.05373003155424,0.38598796959056514,10.7033087447766,8.22206998657089,3.452246536030248,-17.256753428073758,0.22007645805217102,0.939204232518696,0.4362471473648915,0.1433132826509419,0.6930934817697572,0.822206998657089,0.3452246536030248,0.06858116429815601,0,3.8411285385335656,0.00125885009765625,6.0960173648538785e-05,False,830
37,0.720076458052171,3.7427574973774784,4.562951031679808,0.4247881160647728,10.832746168739671,4.75802478647711,3.452246536030248,-17.256753428073758,0.22007645805217102,0.9142524991258262,0.5089930045256869,0.20798019344128799,0.7023390120528337,0.47580247864771097,0.3452246536030248,0.06858116429815601,0,2.0512278327497473,-9.927579879760742,4.75802478647711,False,2001
38,0.720076458052171,3.959995554337933,5.168789072463289,0.3,9.754085974883075,8.217502591514403,3.452246536030248,-17.256753428073758,0.22007645805217102,0.9866651847793111,0.5955412960661841,0.0,0.6252918553487912,0.8217502591514404,0.3452246536030248,0.06858116429815601,0,3.851124149267422,0.001239776611328125,-7.731721827397564e-05,False,750
39,0.7199450328482141,4.0,5.755891636811159,0.4805499972382852,9.725648774263162,8.029280390075076,3.452246536030248,-17.246812857623073,0.21994503284821407,1.0,0.6794130909730227,0.30091666206380857,0.623260626733083,0.8029280390075075,0.3452246536030248,0.06882967855942318,0,3.850808986404232,0.0041904449462890625,-8.613434835069711e-05,False,750
40,0.720076458052171,3.5600551104136535,5.712349197825571,0.41534983488720284,13.600292609316387,6.95047827771532,3.452246536030248,-17.256753428073758,0.22007645805217102,0.8533517034712179,0.6731927425465101,0.19224972481200472,0.9000209006654563,0.695047827771532,0.3452246536030248,0.06858116429815601,0,3.843652969738507,0.0010280609130859375,-7.567105884476177e-05,False,810
41,0.720076458052171,3.817612697556088,4.287654465325415,0.38598796959056514,11.741094101660986,8.3712933606675,3.452246536030248,-17.256753428073758,0.22007645805217102,0.939204232518696,0.4696649236179165,0.1433132826509419,0.767221007261499,0.83712933606675,0.3452246536030248,0.06858116429815601,0,3.8449869163995003,0.0003147125244140625,6.919097078750269e-05,False,800
42,0.720076458052171,3.817612697556088,4.287654465325415,0.38598796959056514,10.639468093608286,7.357684929771132,2.683505103611264,-17.256753428073758,0.22007645805217102,0.939204232518696,0.4696649236179165,0.1433132826509419,0.6885334352577348,0.7357684929771132,0.2683505103611264,0.06858116429815601,0,3.679193927626964,-1.4307899475097656,-7.45437837892382e-05,False,780
43,0.720076458052171,3.804202067249152,4.287654465325415,0.38598796959056514,11.741094101660986,8.22206998657089,3.452246536030248,-17.256753428073758,0.22007645805217102,0.934734022416384,0.4696649236179165,0.1433132826509419,0.767221007261499,0.822206998657089,0.3452246536030248,0.06858116429815601,0,3.837378856556936,0.0012664794921875,6.754481136184154e-05,False,860
44,0.720076458052171,3.5600551104136535,5.712349197825571,0.41534983488720284,12.012624427155812,6.95047827771532,3.452246536030248,-12.110347791350108,0.22007645805217102,0.8533517034712179,0.6731927425465101,0.19224972481200472,0.7866160305111294,0.695047827771532,0.3452246536030248,0.19724130521624728,0,3.170843117150713,1.49114990234375,-7.718385346144885e-05,True,790
45,0.7199450328482141,3.6877413788810993,5.574478700174392,0.5140836411670042,10.81742330126592,7.795537306217853,3.452246536030248,-17.246812857623073,0.21994503284821407,0.8959137929603664,0.6534969571677703,0.3568060686116736,0.7012445215189943,0.7795537306217853,0.3452246536030248,0.06882967855942318,0,3.847061743324928,0.00418853759765625,-7.954971063739436e-05,False,780
46,0.7199450328482141,4.0,5.574478700174392,0.4639038467196686,9.042211563253797,7.321919945436262,3.452246536030248,-17.246812857623073,0.21994503284821407,1.0,0.6534969571677703,0.27317307786611433,0.574443683089557,0.7321919945436262,0.3452246536030248,0.06882967855942318,0,3.8483104601735008,0.00418853759765625,-8.613434835069711e-05,False,770
47,0.720076458052171,4.0,4.797084834702357,0.3287810638445563,10.977750219691377,8.143717894131802,3.452246536030248,-19.371981821545077,0.22007645805217102,1.0,0.5424406906717653,0.047968439740927196,0.7126964442636697,0.8143717894131802,0.3452246536030248,0.015700454461373033,0,3.783088301431649,-0.6113986968994141,-8.303107798113274e-05,False,720
48,0.7155190909862552,3.6129811089053003,5.123237473067214,0.3,12.193461028461892,7.696699850557064,3.2736395635004127,-15.183952631593089,0.21551909098625516,0.8709937029684335,0.5890339247238877,0.0,0.7995329306044209,0.7696699850557064,0.3273639563500413,0.12040118421017279,0,3.803696485206744,0.3609504699707031,-8.955886162098636e-05,False,800
49,0.720076458052171,3.5600551104136535,5.263491675249503,0.44636432866344766,11.7321186815329,6.8820014063291035,3.1852875836079897,-17.256753428073758,0.22007645805217102,0.8533517034712179,0.6090702393213575,0.24394054777241278,0.7665799058237786,0.6882001406329104,0.31852875836079897,0.06858116429815601,0,3.795778402363539,-0.41855621337890625,-0.00010550679570542343,False,800
50,0.8106976537309826,3.578704624124378,6.435189683870608,0.40923389152415546,10.977750219691377,6.972064190363981,3.452246536030248,-17.256753428073758,0.31069765373098257,0.8595682080414594,0.7764556691243726,0.18205648587359238,0.7126964442636697,0.6972064190363981,0.3452246536030248,0.06858116429815601,0,3.3135774035450174,0.00038909912109375,6.754481136184154e-05,True,870
51,0.7199450328482141,3.845032856385352,6.046995074246112,0.5482280516999961,8.158728359083291,7.047317430008675,4.364111624033712,-17.246812857623073,0.21994503284821407,0.9483442854617841,0.7209992963208731,0.4137134194999934,0.5113377399345208,0.7047317430008675,0.4364111624033712,0.06882967855942318,0,3.224295117583554,1.0477027893066406,8.19815843939864e-05,True,780
52,0.7516755133860659,3.6649763756583367,5.574478700174392,0.5034819853085213,8.386447143295282,8.029280390075076,3.452246536030248,-17.246812857623073,0.25167551338606586,0.8883254585527789,0.6534969571677703,0.3391366421808687,0.5276033673782344,0.8029280390075075,0.3452246536030248,0.06882967855942318,0,3.331623163666322,0.00424957275390625,0.00010482014526047578,True,840
53,0.6221893014215867,3.3112994260498727,5.924306253668124,0.40923389152415546,11.7321186815329,7.971257386081938,2.7104179469049323,-17.256753428073758,0.12218930142158674,0.7704331420166242,0.7034723219525892,0.18205648587359238,0.7665799058237786,0.7971257386081938,0.2710417946904932,0.06858116429815601,0,1.750679134917671,-9.959006309509277,7.971257386081938,False,2001
54,0.7404320820462701,3.587816373062117,5.168789072463289,0.3,10.977750219691377,8.143717894131802,3.1149094206869963,-17.256753428073758,0.2404320820462701,0.8626054576873723,0.5955412960661841,0.0,0.7126964442636697,0.8143717894131802,0.31149094206869965,0.06858116429815601,0,3.777573222862586,-0.540679931640625,-8.703228257544993e-05,False,790
55,0.7155190909862552,3.002403069883898,3.9784439396712132,0.31873900777094916,12.415004150612829,6.747665790434345,3.452246536030248,-12.855816584797568,0.21551909098625516,0.6674676899612992,0.4254919913816019,0.03123167961824858,0.8153574393294878,0.6747665790434345,0.3452246536030248,0.1786045853800608,0,3.6873502692478275,1.2755928039550781,-4.5641899214743376e-05,False,870
56,0.720076458052171,3.817612697556088,4.05373003155424,0.38598796959056514,12.426071433469412,8.22206998657089,3.452246536030248,-17.256753428073758,0.22007645805217102,0.939204232518696,0.4362471473648915,0.1433132826509419,0.8161479595335294,0.822206998657089,0.3452246536030248,0.06858116429815601,0,3.8411285385335656,0.00125885009765625,6.0960173648538785e-05,False,830
57,0.7155190909862552,3.6129811089053003,4.134040996907803,0.3,12.193461028461892,7.696699850557064,4.079047740596032,-15.183952631593089,0.21551909098625516,0.8709937029684335,0.4477201424154005,0.0,0.7995329306044209,0.7696699850557064,0.4079047740596031,0.12040118421017279,0,3.2084501695074183,1.2767448425292969,-8.510290267871312e-05,True,700
58,0.720076458052171,3.821130688373506,5.77607249308457,0.36584481032855604,13.165914776872613,8.120838430546245,3.452246536030248,-17.256753428073758,0.22007645805217102,0.9403768961245019,0.6822960704406528,0.1097413505475934,0.8689939126337581,0.8120838430546246,0.3452246536030248,0.06858116429815601,0,3.8536207797717035,0.0012493133544921875,8.729872449109166e-05,False,730
59,0.720076458052171,4.0,5.168789072463289,0.3287810638445563,12.807530691712167,8.143717894131802,3.452246536030248,-17.256753428073758,0.22007645805217102,1.0,0.5955412960661841,0.047968439740927196,0.8433950494080119,0.8143717894131802,0.3452246536030248,0.06858116429815601,0,3.847332221448899,0.0016078948974609375,-8.225569655806453e-05,False,780
60,0.7293486319349437,3.845032856385352,7.679456275201629,0.5741766635972007,7.866758273646471,8.176579054323117,3.452246536030248,-17.246812857623073,0.2293486319349437,0.9483442854617841,0.9542080393145184,0.4569611059953344,0.4904827338318908,0.8176579054323118,0.3452246536030248,0.06882967855942318,0,3.835875729306067,0.0049304962158203125,0.00010152782640204805,False,850
61,0.7124392866449765,4.0,5.755891636811159,0.4639038467196686,9.725648774263162,8.029280390075076,3.452246536030248,-17.246812857623073,0.21243928664497647,1.0,0.6794130909730227,0.27317307786611433,0.623260626733083,0.8029280390075075,0.3452246536030248,0.06882967855942318,0,3.847742554275097,0.0037288665771484375,-8.284202949582209e-05,False,790
62,0.720076458052171,3.5600551104136535,6.028767261509602,0.41534983488720284,12.012624427155812,6.95047827771532,3.6084820093305003,-17.256753428073758,0.22007645805217102,0.8533517034712179,0.7183953230728002,0.19224972481200472,0.7866160305111294,0.695047827771532,0.36084820093305003,0.06858116429815601,0,3.8194580701369705,0.21727561950683594,-0.00010952773440919827,False,800
63,0.7199450328482141,3.814180458784411,5.696661474060014,0.5767945948157589,8.4618961196328,8.029280390075076,3.105873698768702,-17.246812857623073,0.21994503284821407,0.9380601529281369,0.6709516391514306,0.4613243246929314,0.5329925799737715,0.8029280390075075,0.3105873698768702,0.06882967855942318,0,3.778681176574948,-0.5535526275634766,-9.326376268603553e-05,False,810
64,0.720076458052171,3.578704624124378,6.03072820732882,0.4445109290296686,10.977750219691377,8.888518011886754,3.452246536030248,-17.256753428073758,0.22007645805217102,0.8595682080414594,0.7186754581898314,0.24085154838278103,0.7126964442636697,0.8888518011886755,0.3452246536030248,0.06858116429815601,0,3.841174927398993,0.0008449554443359375,8.400640563621664e-05,False,830
65,0.720076458052171,3.959995554337933,5.168789072463289,0.3287810638445563,12.807530691712167,7.405932433498719,3.452246536030248,-17.256753428073758,0.22007645805217102,0.9866651847793111,0.5955412960661841,0.047968439740927196,0.8433950494080119,0.7405932433498719,0.3452246536030248,0.06858116429815601,0,3.8461183454416443,0.0013103485107421875,-7.731721827397564e-05,False,790
66,0.7199450328482141,4.0,5.574478700174392,0.4639038467196686,10.478168032290421,8.029280390075076,3.452246536030248,-19.80742128157275,0.21994503284821407,1.0,0.6534969571677703,0.27317307786611433,0.6770120023064586,0.8029280390075075,0.3452246536030248,0.004814467960681232,0,3.764472870335716,-0.7380504608154297,8.257048157744862e-05,False,750
67,0.7199450328482141,3.845032856385352,6.046995074246112,0.5093029653629604,8.158728359083291,7.047317430008675,3.1301134122522396,-17.246812857623073,0.21994503284821407,0.9483442854617841,0.7209992963208731,0.3488382756049339,0.5113377399345208,0.7047317430008675,0.31301134122522395,0.06882967855942318,0,3.7875593281925064,-0.5099449157714844,-9.61973009374617e-05,False,780
68,0.720076458052171,3.660376097726281,6.243234557194882,0.3304756692858162,10.977750219691377,6.2219522057339205,3.0674680640733887,-17.256753428073758,0.22007645805217102,0.886792032575427,0.7490335081706975,0.050792782143027,0.7126964442636697,0.622195220573392,0.30674680640733887,0.06858116429815601,0,3.7751548706419595,-0.6257114410400391,-0.00011005083930015758,False,770
69,0.7155190909862552,3.002403069883898,3.9784439396712132,0.3,12.415004150612829,6.747665790434345,3.452246536030248,-17.256753428073758,0.21551909098625516,0.6674676899612992,0.4254919913816019,0.0,0.8153574393294878,0.6747665790434345,0.3452246536030248,0.06858116429815601,0,3.839897134805528,0.000179290771484375,-5.0978667431422764e-05,False,850
70,0.7199450328482141,4.0,4.775125750857366,0.7034314761005885,9.847881643824804,8.002345337958479,3.452246536030248,-12.929094284105682,0.21994503284821407,1.0,0.5393036786939094,0.6723857935009808,0.631991545987486,0.800234533795848,0.3452246536030248,0.17677264289735795,0,3.203733816911864,1.2543220520019531,-9.476214771098057e-05,True,750
71,0.720076458052171,3.714788972598087,5.712349197825571,0.40923389152415546,11.7321186815329,6.253193218629763,3.452246536030248,-17.256753428073758,0.22007645805217102,0.9049296575326957,0.6731927425465101,0.18205648587359238,0.7665799058237786,0.6253193218629762,0.3452246536030248,0.06858116429815601,0,3.8437063902183244,0.000568389892578125,-8.225569655806453e-05,False,810
72,0.6636949095523479,4.0,4.797084834702357,0.3287810638445563,10.977750219691377,8.143717894131802,3.452246536030248,-18.141393674649652,0.16369490955234794,1.0,0.5424406906717653,0.047968439740927196,0.7126964442636697,0.8143717894131802,0.3452246536030248,0.046465158133758726,0,1.7760850131634043,-9.508265495300293,8.143717894131802,False,2001
73,0.7527853554707221,4.0,5.574478700174392,0.7034314761005885,9.859846642567899,8.029280390075076,3.967741840738359,-14.54396965619279,0.2527853554707221,1.0,0.6534969571677703,0.6723857935009808,0.6328461887548499,0.8029280390075075,0.3967741840738359,0.13640075859518025,0,3.198698158180264,1.33355712890625,-7.033660735977776e-05,True,650
74,0.720076458052171,3.8355991070990925,5.66469964898676,0.40460695996997414,11.7321186815329,9.10952889576799,3.452246536030248,-17.256753428073758,0.22007645805217102,0.9451997023663641,0.6663856641409658,0.1743449332832902,0.7665799058237786,0.910952889576799,0.3452246536030248,0.06858116429815601,0,3.3424789499988674,0.000377655029296875,8.729872449109166e-05,True,820
75,0.746584562960644,3.733467020703846,4.204408533669542,0.33639952895429215,12.759356951056233,5.58759377121497,3.452246536030248,-17.256753428073758,0.24658456296064396,0.9111556735679487,0.4577726476670775,0.06066588159048694,0.8399540679325881,0.558759377121497,0.3452246536030248,0.06858116429815601,0,3.8381945958716814,0.0016918182373046875,-0.00010200960968731465,False,800
76,0.720076458052171,3.821130688373506,6.243234557194882,0.4096442618609947,10.977750219691377,8.120838430546245,3.452246536030248,-17.256753428073758,0.22007645805217102,0.9403768961245019,0.7490335081706975,0.18274043643499116,0.7126964442636697,0.8120838430546246,0.3452246536030248,0.06858116429815601,0,3.843561720157336,0.0017910003662109375,9.059104334596668e-05,False,810
77,0.720076458052171,3.7672018640379967,4.287654465325415,0.38598796959056514,10.639468093608286,7.357684929771132,3.452246536030248,-17.256753428073758,0.22007645805217102,0.9224006213459989,0.4696649236179165,0.1433132826509419,0.6885334352577348,0.7357684929771132,0.3452246536030248,0.06858116429815601,0,3.8473679451479454,0.001308441162109375,-7.731721827397564e-05,False,780
78,0.6401929823592987,4.0,5.574478700174392,0.5140836411670042,10.392982069625099,7.795537306217853,3.452246536030248,-17.246812857623073,0.14019298235929867,1.0,0.6534969571677703,0.3568060686116736,0.670927290687507,0.7795537306217853,0.3452246536030248,0.06882967855942318,0,1.7933481221627008,-9.70742416381836,7.795537306217853,False,2001
79,0.720076458052171,3.3112994260498727,5.924306253668124,0.40923389152415546,11.44506109422422,6.926654487900369,3.452246536030248,-17.256753428073758,0.22007645805217102,0.7704331420166242,0.7034723219525892,0.18205648587359238,0.7460757924445872,0.6926654487900369,0.3452246536030248,0.06858116429815601,0,1.9172813467670031,-9.222789764404297,6.926654487900369,False,2001
80,0.720076458052171,4.0,6.243234557194882,0.3821752238931414,10.977750219691377,8.120838430546245,3.452246536030248,-17.256753428073758,0.22007645805217102,1.0,0.7490335081706975,0.136958706488569,0.7126964442636697,0.8120838430546246,0.3452246536030248,0.06858116429815601,0,3.8511145297634783,0.0013103485107421875,-9.048649369347572e-05,False,750
81,0.7199450328482141,4.0,5.585784039718392,0.6664762875290511,8.966029655151857,7.773978791115601,2.6112661135015767,-17.246812857623073,0.21994503284821407,1.0,0.655112005674056,0.6107938125484185,0.5690021182251326,0.7773978791115601,0.2611266113501577,0.06882967855942318,0,3.6599683791597015,-1.6050834655761719,-0.0001011468645586433,False,770
82,0.720076458052171,3.660376097726281,6.243234557194882,0.4140232640908158,10.074437182759027,6.2219522057339205,3.452246536030248,-17.256753428073758,0.22007645805217102,0.886792032575427,0.7490335081706975,0.19003877348469295,0.6481740844827877,0.622195220573392,0.3452246536030248,0.06858116429815601,0,3.8436366634757735,0.00115966796875,-8.390185598372568e-05,False,810
83,0.720076458052171,3.959995554337933,6.0009572875023025,0.3,9.754085974883075,8.143717894131802,3.452246536030248,-17.256753428073758,0.22007645805217102,0.9866651847793111,0.7144224696431861,0.0,0.6252918553487912,0.8143717894131802,0.3452246536030248,0.06858116429815601,0,3.8548688234384056,0.001255035400390625,9.388336220439442e-05,False,720
84,0.720076458052171,3.5600551104136535,5.712349197825571,0.41534983488720284,12.599738778038438,6.95047827771532,3.452246536030248,-17.256753428073758,0.22007645805217102,0.8533517034712179,0.6731927425465101,0.19224972481200472,0.8285527698598883,0.695047827771532,0.3452246536030248,0.06858116429815601,0,3.843652969738507,0.0010280609130859375,-7.567105884476177e-05,False,810
85,0.7199450328482141,3.845032856385352,7.630036163648402,0.6174785165017808,8.158728359083291,6.166933757260593,3.452246536030248,-16.793665659558368,0.21994503284821407,0.9483442854617841,0.9471480233783431,0.5291308608363012,0.5113377399345208,0.6166933757260593,0.3452246536030248,0.08015835851104078,0,3.827920930389205,0.13500595092773438,-0.00010358048569614198,False,810
86,0.7199450328482141,4.0,5.810308415655189,0.4639038467196686,9.042211563253797,7.321919945436262,3.452246536030248,-17.246812857623073,0.21994503284821407,1.0,0.6871869165221699,0.27317307786611433,0.574443683089557,0.7321919945436262,0.3452246536030248,0.06882967855942318,0,3.8458106022971283,0.004192352294921875,-9.271898606044715e-05,False,790
87,0.7199450328482141,4.0,4.775125750857366,0.7034314761005885,10.575393179156713,8.029280390075076,3.3977925698057367,-16.008958065586988,0.21994503284821407,1.0,0.5393036786939094,0.6723857935009808,0.683956655654051,0.8029280390075075,0.33977925698057365,0.09977604836032526,0,3.8123800339763387,0.288360595703125,-8.282171371831737e-05,False,790
88,0.720076458052171,3.578704624124378,6.03072820732882,0.40923389152415546,10.426211903297945,7.861987390666581,3.452246536030248,-17.256753428073758,0.22007645805217102,0.8595682080414594,0.7186754581898314,0.18205648587359238,0.6733008502355675,0.786198739066658,0.3452246536030248,0.06858116429815601,0,3.8449106623453515,0.0009517669677734375,-8.225569655806453e-05,False,800
89,0.7199450328482141,4.0,4.677438716056142,0.591908357453516,8.966029655151857,7.773978791115601,3.452246536030248,-17.246812857623073,0.21994503284821407,1.0,0.5253483880080203,0.4865139290891933,0.5690021182251326,0.7773978791115601,0.3452246536030248,0.06882967855942318,0,3.8470606360732433,0.004192352294921875,-8.613434835069711e-05,False,780
90,0.720076458052171,3.7427574973774784,3.1982361767870593,0.3396150204561635,10.832746168739671,6.8009561362692725,3.452246536030248,-17.017621673226202,0.22007645805217102,0.9142524991258262,0.31403373954100844,0.0660250340936058,0.7023390120528337,0.6800956136269273,0.3452246536030248,0.07455945816934494,0,3.8379705425390056,0.07057571411132812,-6.6680832208732e-05,False,790
91,0.720076458052171,4.0,5.168789072463289,0.3,10.977750219691377,6.994614183513313,3.452246536030248,-15.753190277319163,0.22007645805217102,1.0,0.5955412960661841,0.0,0.7126964442636697,0.6994614183513314,0.3452246536030248,0.10617024306702094,0,3.7949228681552483,0.4364738464355469,-7.503370011541222e-05,False,790
92,0.667827813306624,3.660376097726281,6.243234557194882,0.3304756692858162,10.977750219691377,6.2219522057339205,3.452246536030248,-17.256753428073758,0.167827813306624,0.886792032575427,0.7490335081706975,0.050792782143027,0.7126964442636697,0.622195220573392,0.3452246536030248,0.06858116429815601,0,1.9533069549846602,-9.62659740447998,6.2219522057339205,False,2001
93,0.720076458052171,4.0,4.797084834702357,0.3287810638445563,10.977750219691377,8.143717894131802,3.452246536030248,-18.24533724018847,0.22007645805217102,1.0,0.5424406906717653,0.047968439740927196,0.7126964442636697,0.8143717894131802,0.3452246536030248,0.04386656899528824,0,3.8114829813804145,-0.2850933074951172,7.490001964072235e-05,False,800
94,0.720076458052171,3.7760446960423906,5.184022539261774,0.3287810638445563,10.977750219691377,8.300820821710973,3.452246536030248,-17.256753428073758,0.22007645805217102,0.9253482320141302,0.5977175056088249,0.047968439740927196,0.7126964442636697,0.8300820821710972,0.3452246536030248,0.06858116429815601,0,3.83870184780521,0.0006351470947265625,7.412944907159158e-05,False,850
95,0.720076458052171,3.959995554337933,5.168789072463289,0.3287810638445563,10.977750219691377,7.3876731439901535,3.452246536030248,-17.256753428073758,0.22007645805217102,0.9866651847793111,0.5955412960661841,0.047968439740927196,0.7126964442636697,0.7387673143990153,0.3452246536030248,0.06858116429815601,0,3.8461273064818173,0.001239776611328125,-7.07325805642256e-05,False,790
96,0.720076458052171,3.578704624124378,6.03072820732882,0.40923389152415546,10.824834471265929,7.861987390666581,3.452246536030248,-19.16045271861467,0.22007645805217102,0.8595682080414594,0.7186754581898314,0.18205648587359238,0.7017738908047092,0.786198739066658,0.3452246536030248,0.020988682034633263,0,3.782758176165671,-0.5504817962646484,-8.87069203869828e-05,False,780
97,0.7250504352759218,3.845032856385352,6.046995074246112,0.5482280516999961,7.054866378207168,8.176579054323117,3.452246536030248,-17.246812857623073,0.2250504352759218,0.9483442854617841,0.7209992963208731,0.4137134194999934,0.4324904555862263,0.8176579054323118,0.3452246536030248,0.06882967855942318,0,3.8445340272962447,0.0041942596435546875,-9.271898606044715e-05,False,790
98,0.8168864517096373,4.0,4.797084834702357,0.3287810638445563,10.977750219691377,8.143717894131802,3.452246536030248,-17.256753428073758,0.3168864517096372,1.0,0.5424406906717653,0.047968439740927196,0.7126964442636697,0.8143717894131802,0.3452246536030248,0.06858116429815601,0,3.319478989243504,0.0007953643798828125,6.42524925034138e-05,True,810
99,0.720076458052171,3.959995554337933,5.168789072463289,0.3,9.754085974883075,8.217502591514403,3.452246536030248,-17.256753428073758,0.22007645805217102,0.9866651847793111,0.5955412960661841,0.0,0.6252918553487912,0.8217502591514404,0.3452246536030248,0.06858116429815601,0,3.851124149267422,0.001239776611328125,-7.731721827397564e-05,False,750
